Timestamp,User Count,Type,Name,Requests/s,Failures/s,50%,66%,75%,80%,90%,95%,98%,99%,99.9%,99.99%,100%,Total Request Count,Total Failure Count,Total Median Response Time,Total Average Response Time,Total Min Response Time,Total Max Response Time,Total Average Content Size
1715007204,0,,Aggregated,0.000000,0.000000,N/A,N/A,N/A,N/A,N/A,N/A,N/A,N/A,N/A,N/A,N/A,0,0,0,0.0,0,0,0
1715007205,5,,Aggregated,0.000000,0.000000,N/A,N/A,N/A,N/A,N/A,N/A,N/A,N/A,N/A,N/A,N/A,0,0,0,0.0,0,0,0
1715007206,15,,Aggregated,0.000000,0.000000,1500,1500,1500,1500,1500,1500,1500,1500,1500,1500,1500,6,0,1500.0,1329.6825833334271,497.9904000001625,1547.7992000005543,17370.0
1715007207,20,,Aggregated,0.000000,0.000000,1100,1300,1500,1500,1500,1500,1500,1500,1500,1500,1500,16,0,960.0,1060.4945499999303,423.0684000003748,1547.7992000005543,15021.0
1715007208,25,,Aggregated,3.000000,0.000000,1000,1200,1300,1400,1500,2200,2300,2300,2300,2300,2300,34,0,960.0,1011.0194558822996,320.72019999941404,2337.453799999821,16848.058823529413
1715007209,30,,Aggregated,4.666667,0.000000,870,1200,1400,1500,1700,2400,2600,2800,2800,2800,2800,59,0,870.0,1015.6786576271154,320.72019999941404,2773.9559000001464,16080.203389830509
1715007210,35,,Aggregated,7.250000,0.000000,920,1200,1400,1500,1700,2200,2600,2800,2800,2800,2800,86,0,890.0,1027.7446430233242,320.72019999941404,2773.9559000001464,17611.488372093023
1715007211,40,,Aggregated,10.600000,0.000000,940,1200,1400,1500,1700,2300,2400,2600,2800,2800,2800,113,0,940.0,1045.5581964602502,320.72019999941404,2773.9559000001464,18218.716814159292
1715007212,45,,Aggregated,12.166667,0.000000,960,1200,1300,1500,1700,2200,2400,2600,2800,2800,2800,145,0,960.0,1057.958191724205,320.72019999941404,2773.9559000001464,18786.93793103448
1715007213,50,,Aggregated,14.428571,0.000000,1000,1200,1300,1400,1700,2200,2400,2600,2800,2800,2800,181,0,1000.0,1071.5112099447972,320.72019999941404,2773.9559000001464,18946.994475138123
1715007214,50,,Aggregated,16.625000,0.000000,1000,1200,1400,1500,1700,2200,2400,2600,2800,2800,2800,208,0,1000.0,1107.3484125000252,320.72019999941404,2773.9559000001464,19351.298076923078
1715007215,50,,Aggregated,18.777778,0.000000,1100,1300,1500,1600,1900,2300,2700,2800,3700,3700,3700,234,0,1100.0,1173.430643162421,320.72019999941404,3694.22620000023,19467.32051282051
1715007216,50,,Aggregated,19.000000,0.000000,1100,1300,1500,1600,2000,2400,2800,3200,4000,4000,4000,258,0,1100.0,1221.9719782946013,320.72019999941404,4002.0181999998385,19539.767441860466
1715007217,50,,Aggregated,22.100000,0.000000,1100,1400,1600,1700,2200,2600,3300,3700,4800,4800,4800,296,0,1100.0,1299.393767905421,320.72019999941404,4821.570299999621,19621.155405405407
1715007218,50,,Aggregated,24.600000,0.000000,1100,1500,1600,1800,2300,2600,3200,3500,4800,4800,4800,321,0,1100.0,1321.9037651090555,320.72019999941404,4821.570299999621,20547.26479750779
1715007219,50,,Aggregated,26.900000,0.000000,1200,1500,1700,1900,2300,2700,3200,3700,4800,4800,4800,354,0,1200.0,1368.7488533898622,320.72019999941404,4821.570299999621,21841.25988700565
1715007220,50,,Aggregated,28.200000,0.000000,1200,1500,1700,1900,2300,2700,3200,3700,4800,4800,4800,387,0,1200.0,1366.318922222255,320.72019999941404,4821.570299999621,22452.728682170542
1715007221,50,,Aggregated,29.000000,0.000000,1200,1500,1700,1900,2300,2700,3200,3500,4800,4800,4800,419,0,1200.0,1353.7166054893041,320.72019999941404,4821.570299999621,23340.708830548927
1715007222,50,,Aggregated,29.900000,0.000000,1200,1500,1600,1800,2300,2600,3200,3500,4800,4800,4800,450,0,1200.0,1325.4094904444896,320.72019999941404,4821.570299999621,24190.02
1715007223,50,,Aggregated,30.500000,0.000000,1100,1400,1600,1700,2200,2600,3100,3500,4800,4800,4800,479,0,1100.0,1288.2253275574553,320.72019999941404,4821.570299999621,24637.141962421712
1715007224,50,,Aggregated,30.200000,0.000000,1100,1400,1600,1700,2200,2600,3100,3500,4800,4800,4800,496,0,1100.0,1262.5352159274637,302.6484000001801,4821.570299999621,25348.298387096773
1715007225,50,,Aggregated,29.500000,0.000000,1100,1400,1600,1700,2200,2500,3000,3300,4800,4800,4800,513,0,1100.0,1235.3381175438994,252.47760000002017,4821.570299999621,25540.440545808968
1715007226,50,,Aggregated,29.900000,0.000000,1100,1400,1500,1700,2200,2500,3000,3300,4800,4800,4800,528,0,1100.0,1208.958219697016,243.62980000023526,4821.570299999621,25358.189393939392
1715007227,50,,Aggregated,28.300000,0.000000,1000,1300,1500,1600,2200,2400,2900,3300,4800,4800,4800,555,0,1000.0,1169.0840491892368,210.9582999992199,4821.570299999621,24832.13693693694
1715007228,50,,Aggregated,27.000000,0.000000,1000,1300,1500,1600,2100,2400,2900,3300,4800,4800,4800,585,0,1000.0,1129.2007285470552,210.9582999992199,4821.570299999621,23712.075213675213
1715007229,50,,Aggregated,25.500000,0.000000,960,1300,1500,1600,2100,2400,2800,3300,4800,4800,4800,614,0,950.0,1103.5617964169833,210.9582999992199,4821.570299999621,22733.431596091206
1715007230,50,,Aggregated,26.000000,0.000000,940,1300,1400,1600,2000,2400,2800,3300,4800,4800,4800,647,0,940.0,1085.0497479134847,210.9582999992199,4821.570299999621,21726.516228748067
1715007231,50,,Aggregated,25.800000,0.000000,930,1200,1400,1500,2000,2400,2800,3300,4800,4800,4800,679,0,930.0,1076.7731150221339,210.9582999992199,4821.570299999621,20843.561119293077
1715007232,50,,Aggregated,25.800000,0.000000,930,1200,1400,1500,1900,2400,2800,3200,4800,4800,4800,709,0,930.0,1070.3524981664723,210.9582999992199,4821.570299999621,20088.17489421721
1715007233,50,,Aggregated,25.600000,0.000000,940,1200,1400,1500,1900,2300,2800,3200,4800,4800,4800,741,0,940.0,1068.6195916329696,210.9582999992199,4821.570299999621,19349.74358974359
1715007234,50,,Aggregated,25.900000,0.000000,940,1200,1400,1500,1900,2300,2800,3200,4800,4800,4800,771,0,940.0,1075.9310426718941,210.9582999992199,4821.570299999621,18713.247730220493
1715007235,50,,Aggregated,25.700000,0.000000,950,1200,1400,1500,1900,2300,2800,3200,4800,4800,4800,800,0,940.0,1079.798858125044,210.9582999992199,4821.570299999621,18143.27875
1715007236,50,,Aggregated,25.800000,0.000000,960,1200,1400,1500,1900,2300,2800,3200,7700,7700,7700,832,0,960.0,1097.841943269278,210.9582999992199,7738.331099999414,17560.462740384617
1715007237,50,,Aggregated,27.900000,0.000000,980,1300,1400,1500,1900,2300,2800,3200,7700,7700,7700,866,0,970.0,1105.5066959584758,210.9582999992199,7738.331099999414,16988.525404157044
1715007238,50,,Aggregated,29.000000,0.000000,990,1300,1400,1500,1900,2300,2800,3300,7700,7700,7700,894,0,990.0,1109.8682432886344,210.9582999992199,7738.331099999414,16550.231543624162
1715007239,50,,Aggregated,29.900000,0.000000,990,1300,1400,1500,1900,2300,2800,3200,7700,7700,7700,930,0,990.0,1109.949238494666,210.9582999992199,7738.331099999414,16025.289247311828
1715007240,50,,Aggregated,30.200000,0.000000,990,1300,1400,1500,1900,2300,2800,3300,7700,7700,7700,963,0,990.0,1112.9105895119792,210.9582999992199,7738.331099999414,15578.791277258568
1715007241,50,,Aggregated,30.600000,0.000000,990,1300,1400,1500,1900,2300,2800,3500,7700,7700,7700,1000,0,990.0,1112.6055209000372,210.9582999992199,7738.331099999414,15113.183
1715007242,50,,Aggregated,31.100000,0.000000,970,1200,1400,1500,1900,2300,2800,3500,4800,7700,7700,1033,0,970.0,1097.9976030010043,210.9582999992199,7738.331099999414,14725.99031945789
1715007243,50,,Aggregated,30.900000,0.000000,950,1200,1400,1500,1900,2300,2800,3500,4800,7700,7700,1066,0,950.0,1075.9798390244257,210.9582999992199,7738.331099999414,14362.796435272045
1715007244,50,,Aggregated,31.200000,0.000000,940,1200,1400,1500,1800,2300,2800,3500,4800,7700,7700,1090,0,940.0,1066.101182018383,210.9582999992199,7738.331099999414,14112.408256880733
1715007245,50,,Aggregated,32.500000,0.000000,940,1200,1400,1500,1800,2300,2800,3400,4800,7700,7700,1109,0,940.0,1059.0833262398926,198.01080000070215,7738.331099999414,13921.920649233543
1715007246,50,,Aggregated,32.700000,0.000000,930,1200,1400,1500,1800,2300,2800,3400,4800,7700,7700,1134,0,930.0,1047.2462715167924,198.01080000070215,7738.331099999414,13680.947971781305
1715007247,50,,Aggregated,31.500000,0.000000,910,1200,1300,1500,1800,2200,2800,3400,4800,7700,7700,1166,0,910.0,1029.3655848199373,198.01080000070215,7738.331099999414,13387.609777015437
1715007248,50,,Aggregated,30.300000,0.000000,900,1100,1300,1400,1800,2200,2800,3500,4800,7700,7700,1196,0,890.0,1017.7376123746207,198.01080000070215,7738.331099999414,13126.848662207358
1715007249,50,,Aggregated,30.900000,0.000000,870,1100,1300,1400,1800,2200,2800,3500,4800,7700,7700,1233,0,870.0,1005.7221442011705,198.01080000070215,7738.331099999414,12822.639091646392
1715007250,50,,Aggregated,30.100000,0.000000,860,1100,1300,1400,1800,2200,2800,3500,4800,7700,7700,1259,0,860.0,996.3821062748536,198.01080000070215,7738.331099999414,12619.625099285147
1715007251,50,,Aggregated,29.900000,0.000000,860,1100,1300,1400,1800,2200,2800,3500,4800,7700,7700,1291,0,860.0,995.1286309063036,198.01080000070215,7738.331099999414,12380.985282726568
1715007252,50,,Aggregated,29.600000,0.000000,860,1100,1300,1400,1800,2200,2800,3400,4800,7700,7700,1323,0,860.0,993.9143637188475,198.01080000070215,7738.331099999414,12153.792894935752
1715007253,50,,Aggregated,30.100000,0.000000,860,1100,1300,1400,1800,2200,2800,3500,4800,7700,7700,1356,0,860.0,998.512535029526,198.01080000070215,7738.331099999414,11930.826696165192
1715007254,50,,Aggregated,29.800000,0.000000,870,1100,1300,1400,1800,2200,2800,3500,4800,7700,7700,1380,0,870.0,1004.5189384058227,198.01080000070215,7738.331099999414,11775.397826086957
1715007255,50,,Aggregated,28.800000,0.000000,890,1100,1300,1400,1800,2200,2800,3400,4800,7700,7700,1411,0,890.0,1010.1393120482193,198.01080000070215,7738.331099999414,11582.412473423105
1715007256,50,,Aggregated,28.900000,0.000000,900,1100,1300,1400,1800,2200,2800,3400,4800,7700,7700,1442,0,900.0,1015.5130321082075,198.01080000070215,7738.331099999414,11397.65256588072
1715007257,50,,Aggregated,28.900000,0.000000,900,1200,1300,1400,1800,2200,2800,3400,4800,7700,7700,1475,0,900.0,1019.3205067118896,198.01080000070215,7738.331099999414,11209.591864406779
1715007258,50,,Aggregated,30.300000,0.000000,910,1200,1300,1400,1700,2200,2700,3300,4800,7700,7700,1503,0,910.0,1022.3595180306298,198.01080000070215,7738.331099999414,11056.589487691284
1715007259,50,,Aggregated,30.400000,0.000000,920,1200,1300,1400,1800,2200,2800,3500,4800,7700,7700,1536,0,920.0,1030.713668033877,198.01080000070215,7738.331099999414,10883.348307291666
1715007260,50,,Aggregated,30.500000,0.000000,930,1200,1300,1400,1800,2200,2800,3500,4800,7700,7700,1573,0,930.0,1033.0388876669037,198.01080000070215,7738.331099999414,10697.74952320407
1715007261,50,,Aggregated,30.200000,0.000000,920,1200,1300,1400,1700,2200,2800,3500,4800,7700,7700,1601,0,920.0,1028.104529481601,198.01080000070215,7738.331099999414,10562.934415990007
1715007262,50,,Aggregated,30.600000,0.000000,910,1200,1300,1400,1700,2200,2800,3500,4800,7700,7700,1640,0,910.0,1022.9549248171002,198.01080000070215,7738.331099999414,10383.012804878048
1715007263,50,,Aggregated,30.500000,0.000000,900,1100,1300,1400,1700,2200,2700,3500,4800,7700,7700,1676,0,900.0,1011.0573458234154,198.01080000070215,7738.331099999414,10224.253579952267
1715007264,50,,Aggregated,30.700000,0.000000,880,1100,1300,1400,1700,2200,2700,3400,4800,7700,7700,1706,0,880.0,1002.2977056272233,198.01080000070215,7738.331099999414,10097.068581477139
1715007265,50,,Aggregated,31.500000,0.000000,870,1100,1300,1400,1700,2200,2700,3400,4800,7700,7700,1734,0,870.0,991.8983928489308,198.01080000070215,7738.331099999414,9982.340830449826
1715007266,50,,Aggregated,32.000000,0.000000,860,1100,1300,1400,1700,2200,2700,3400,4800,7700,7700,1753,0,860.0,986.1681979464037,193.830700000035,7738.331099999414,9906.592127780947
1715007267,50,,Aggregated,32.500000,0.000000,860,1100,1300,1400,1700,2100,2700,3400,4800,7700,7700,1783,0,860.0,974.2025824453416,193.830700000035,7738.331099999414,9790.218732473359
1715007268,50,,Aggregated,31.700000,0.000000,850,1100,1300,1400,1700,2100,2700,3400,4800,7700,7700,1811,0,850.0,965.3747503037246,193.830700000035,7738.331099999414,9685.051352843733
1715007269,50,,Aggregated,30.700000,0.000000,840,1100,1300,1400,1700,2100,2700,3400,4800,7700,7700,1835,0,840.0,957.6802875204603,193.830700000035,7738.331099999414,9597.520435967303
1715007270,50,,Aggregated,30.500000,0.000000,830,1100,1300,1400,1700,2100,2700,3400,4800,7700,7700,1869,0,830.0,955.9896825575422,193.830700000035,7738.331099999414,9477.321562332798
1715007271,50,,Aggregated,31.100000,0.000000,830,1100,1300,1400,1700,2100,2700,3400,4800,7700,7700,1902,0,820.0,952.9945293901417,193.830700000035,7738.331099999414,9364.772344900106
1715007272,50,,Aggregated,29.400000,0.000000,820,1100,1300,1400,1700,2100,2700,3400,4800,7700,7700,1930,0,820.0,950.7837287565017,193.830700000035,7738.331099999414,9272.352849740933
1715007273,50,,Aggregated,29.500000,0.000000,820,1100,1300,1400,1700,2100,2700,3400,4800,7700,7700,1964,0,820.0,950.4310386965636,193.830700000035,7738.331099999414,9163.61150712831
1715007274,50,,Aggregated,29.500000,0.000000,820,1100,1300,1400,1700,2100,2700,3400,4800,7700,7700,1987,0,820.0,947.5476844489433,193.830700000035,7738.331099999414,9092.21942627076
1715007275,50,,Aggregated,28.500000,0.000000,820,1100,1300,1400,1700,2100,2700,3400,4500,7700,7700,2022,0,820.0,952.0636610781642,193.830700000035,7738.331099999414,8986.55934718101
1715007276,50,,Aggregated,28.300000,0.000000,820,1100,1300,1400,1700,2100,2700,3400,4500,7700,7700,2051,0,820.0,951.9023194539473,193.830700000035,7738.331099999414,8901.763042418332
1715007277,50,,Aggregated,27.700000,0.000000,830,1100,1300,1400,1700,2100,2700,3400,4500,7700,7700,2085,0,830.0,952.0243926618921,193.830700000035,7738.331099999414,8805.463788968826
1715007278,50,,Aggregated,28.800000,0.000000,830,1100,1300,1400,1700,2000,2700,3400,4500,7700,7700,2117,0,830.0,950.8415689183008,193.830700000035,7738.331099999414,8717.552196504488
1715007279,50,,Aggregated,29.400000,0.000000,820,1100,1200,1300,1700,2000,2700,3400,4500,7700,7700,2156,0,820.0,945.8060657235808,193.830700000035,7738.331099999414,8614.030148423006
1715007280,50,,Aggregated,30.100000,0.000000,810,1100,1200,1300,1700,2000,2700,3400,4500,7700,7700,2189,0,810.0,937.756478209245,193.830700000035,7738.331099999414,8529.346733668342
1715007282,50,,Aggregated,30.100000,0.000000,810,1100,1200,1300,1600,2000,2700,3400,4500,7700,7700,2214,0,810.0,931.7832735772517,193.830700000035,7738.331099999414,8466.808039747064
1715007283,50,,Aggregated,31.900000,0.000000,810,1000,1200,1300,1600,2000,2700,3400,4500,7700,7700,2238,0,810.0,926.3317264522051,193.830700000035,7738.331099999414,8408.0781948168
1715007284,50,,Aggregated,32.000000,0.000000,800,1000,1200,1300,1600,2000,2700,3400,4500,7700,7700,2266,0,800.0,921.6695411738906,193.830700000035,7738.331099999414,8341.154015887025
1715007285,50,,Aggregated,30.800000,0.000000,790,1000,1200,1300,1600,2000,2700,3400,4500,7700,7700,2298,0,790.0,914.6328548738179,193.830700000035,7738.331099999414,8266.646214099217
1715007286,50,,Aggregated,30.400000,0.000000,790,1000,1200,1300,1600,2000,2700,3400,4500,7700,7700,2316,0,790.0,909.648275259082,193.830700000035,7738.331099999414,8225.66450777202
1715007287,50,,Aggregated,30.900000,0.000000,780,1000,1200,1300,1600,2000,2700,3400,4500,7700,7700,2325,0,780.0,907.8112547096916,185.34659999932046,7738.331099999414,8205.386666666667
1715007288,50,,Aggregated,29.300000,0.000000,780,1000,1200,1300,1600,2000,2700,3400,4500,7700,7700,2342,0,780.0,903.9806487617569,185.34659999932046,7738.331099999414,8167.546968403074
1715007289,50,,Aggregated,29.300000,0.000000,770,1000,1200,1300,1600,2000,2700,3400,4500,7700,7700,2367,0,770.0,897.438961596972,185.34659999932046,7738.331099999414,8112.86354034643
1715007290,50,,Aggregated,27.300000,0.000000,770,1000,1200,1300,1600,2000,2700,3400,4500,7700,7700,2386,0,770.0,893.2446749790585,183.60650000067835,7738.331099999414,8072.075859178542
1715007291,50,,Aggregated,25.500000,0.000000,770,1000,1200,1300,1600,1900,2600,3300,4500,7700,7700,2401,0,770.0,889.5374809662784,183.60650000067835,7738.331099999414,8040.349854227406
1715007292,50,,Aggregated,23.000000,0.000000,760,1000,1200,1300,1600,1900,2600,3300,4500,7700,7700,2414,0,760.0,886.0516707953747,183.60650000067835,7738.331099999414,8013.169428334714
1715007293,50,,Aggregated,23.000000,0.000000,760,1000,1200,1300,1600,1900,2600,3300,4500,7700,7700,2425,0,760.0,883.0838509278499,180.29850000039005,7738.331099999414,7990.393402061855
1715007294,50,,Aggregated,19.800000,0.000000,760,1000,1200,1300,1600,1900,2600,3300,4500,7700,7700,2441,0,760.0,878.9853088488468,180.29850000039005,7738.331099999414,7957.631298648095
1715007295,50,,Aggregated,19.800000,0.000000,750,1000,1200,1300,1600,1900,2600,3300,4500,7700,7700,2452,0,750.0,876.6412722267683,180.29850000039005,7738.331099999414,7935.340538336052
1715007296,50,,Aggregated,18.700000,0.000000,750,990,1200,1300,1600,1900,2600,3300,4500,7700,7700,2472,0,750.0,871.5774532767146,180.29850000039005,7738.331099999414,7895.35072815534
1715007297,50,,Aggregated,17.400000,0.000000,740,990,1200,1300,1600,1900,2600,3300,4500,7700,7700,2485,0,740.0,868.382887766615,180.29850000039005,7738.331099999414,7869.700603621731
1715007298,50,,Aggregated,15.600000,0.000000,740,990,1200,1300,1600,1900,2600,3300,4500,7700,7700,2492,0,740.0,866.9316069021022,180.29850000039005,7738.331099999414,7856.01404494382
1715007299,50,,Aggregated,16.100000,0.000000,740,990,1200,1300,1600,1900,2600,3300,4500,7700,7700,2500,0,740.0,864.7954332000153,180.29850000039005,7738.331099999414,7840.4316
1715007300,50,,Aggregated,15.100000,0.000000,740,990,1200,1300,1600,1900,2600,3300,4500,7700,7700,2514,0,740.0,861.1300897772625,180.29850000039005,7738.331099999414,7813.437947494033
1715007301,50,,Aggregated,13.200000,0.000000,730,990,1200,1300,1600,1900,2600,3300,4500,7700,7700,2526,0,730.0,858.4377490498969,180.29850000039005,7738.331099999414,7790.538796516231
1715007302,50,,Aggregated,12.700000,0.000000,730,980,1100,1300,1600,1900,2600,3300,4500,7700,7700,2538,0,730.0,855.3569871946568,180.29850000039005,7738.331099999414,7767.856973995272
1715007303,50,,Aggregated,12.400000,0.000000,720,980,1100,1300,1600,1900,2600,3300,4500,7700,7700,2553,0,720.0,851.4748701919452,179.2728000000352,7738.331099999414,7739.781433607521
1715007304,50,,Aggregated,12.400000,0.000000,720,970,1100,1300,1600,1900,2600,3300,4500,7700,7700,2566,0,720.0,848.1984811769439,179.2728000000352,7738.331099999414,7715.731488698363
1715007305,50,,Aggregated,12.400000,0.000000,710,970,1100,1300,1600,1900,2600,3300,4500,7700,7700,2573,0,710.0,846.448911620691,179.2728000000352,7738.331099999414,7702.891566265061
1715007306,50,,Aggregated,12.400000,0.000000,710,970,1100,1300,1600,1900,2600,3300,4500,7700,7700,2582,0,710.0,844.4532087529195,179.2728000000352,7738.331099999414,7686.458171959721
1715007307,50,,Aggregated,12.100000,0.000000,710,970,1100,1300,1600,1900,2600,3300,4500,7700,7700,2591,0,710.0,842.6872551524649,179.2728000000352,7738.331099999414,7670.166730991895
1715007308,50,,Aggregated,12.100000,0.000000,700,970,1100,1300,1600,1900,2500,3300,4500,7700,7700,2604,0,700.0,839.7327973502441,179.2728000000352,7738.331099999414,7646.796850998464
1715007309,50,,Aggregated,10.500000,0.000000,700,960,1100,1300,1600,1900,2500,3300,4500,7700,7700,2618,0,700.0,836.7237804049039,179.2728000000352,7738.331099999414,7621.891902215431
1715007310,50,,Aggregated,11.300000,0.000000,690,960,1100,1300,1600,1900,2500,3300,4500,7700,7700,2632,0,690.0,834.3398276595888,179.2728000000352,7738.331099999414,7597.274696048632
1715007311,50,,Aggregated,11.600000,0.000000,690,960,1100,1300,1600,1900,2500,3300,4500,7700,7700,2650,0,690.0,830.5234820000145,179.2728000000352,7738.331099999414,7565.983018867924
1715007312,50,,Aggregated,11.500000,0.000000,680,950,1100,1300,1600,1900,2500,3300,4500,7700,7700,2671,0,680.0,826.0939992137926,179.2728000000352,7738.331099999414,7530.025458629727
1715007313,50,,Aggregated,12.000000,0.000000,680,940,1100,1300,1600,1900,2500,3300,4500,7700,7700,2687,0,680.0,822.6114621511138,179.2728000000352,7738.331099999414,7503.016002977298
1715007314,50,,Aggregated,12.000000,0.000000,680,940,1100,1300,1600,1900,2500,3300,4500,7700,7700,2695,0,680.0,820.7790891651363,179.2728000000352,7738.331099999414,7489.626716141001
1715007315,50,,Aggregated,13.300000,0.000000,680,940,1100,1300,1600,1900,2500,3300,4500,7700,7700,2700,0,680.0,820.0247098889047,179.2728000000352,7738.331099999414,7481.295185185185
1715007316,50,,Aggregated,13.100000,0.000000,670,940,1100,1300,1600,1900,2500,3300,4500,7700,7700,2714,0,670.0,816.9519379145329,179.2728000000352,7738.331099999414,7458.135224760501
1715007317,50,,Aggregated,13.100000,0.000000,670,940,1100,1300,1600,1900,2500,3300,4500,7700,7700,2718,0,660.0,816.0952004047248,179.2728000000352,7738.331099999414,7451.56033848418
1715007318,50,,Aggregated,13.100000,0.000000,670,940,1100,1300,1600,1900,2500,3300,4500,7700,7700,2718,0,660.0,816.0952004047248,179.2728000000352,7738.331099999414,7451.56033848418
1715007319,50,,Aggregated,12.900000,0.000000,660,940,1100,1300,1600,1900,2500,3300,4500,7700,7700,2722,0,660.0,815.1921195077304,179.2728000000352,7738.331099999414,7444.996693607642
1715007320,50,,Aggregated,11.400000,0.000000,660,940,1100,1200,1600,1900,2500,3300,4500,7700,7700,2728,0,660.0,813.8252060117451,179.2728000000352,7738.331099999414,7435.188782991202
1715007321,50,,Aggregated,10.700000,0.000000,660,930,1100,1200,1600,1900,2500,3300,4500,7700,7700,2745,0,660.0,810.0034605100328,177.62820000007196,7738.331099999414,7407.685974499089
1715007322,50,,Aggregated,10.700000,0.000000,660,930,1100,1200,1600,1900,2500,3300,4500,7700,7700,2750,0,660.0,808.8746200727418,177.53759999959584,7738.331099999414,7399.647636363637
1715007323,50,,Aggregated,9.700000,0.000000,660,930,1100,1200,1600,1900,2500,3300,4500,7700,7700,2751,0,660.0,808.656651617608,177.53759999959584,7738.331099999414,7398.042166484915
1715007324,50,,Aggregated,9.700000,0.000000,660,930,1100,1200,1600,1900,2500,3300,4500,7700,7700,2751,0,660.0,808.656651617608,177.53759999959584,7738.331099999414,7398.042166484915
1715007325,50,,Aggregated,6.700000,0.000000,660,930,1100,1200,1600,1900,2500,3300,60000,60000,60000,2754,0,660.0,873.1725220769927,177.53759999959584,60040.640899999744,7393.2414669571535
1715007326,50,,Aggregated,5.600000,0.000000,650,930,1100,1200,1600,1900,2600,3400,60000,60000,60000,2768,0,650.0,935.0204486633087,177.53759999959584,60063.455200000135,7370.988800578035
1715007327,50,,Aggregated,5.300000,0.000000,650,930,1100,1200,1600,1900,2700,3500,60000,60000,60000,2786,0,650.0,973.9172096195399,177.53759999959584,60063.455200000135,7342.700287150036
1715007328,50,,Aggregated,5.300000,0.000000,640,920,1100,1200,1600,1900,2700,3500,60000,60000,60000,2795,0,640.0,971.5354262254166,177.53759999959584,60063.455200000135,7328.707692307692
1715007329,50,,Aggregated,5.300000,0.000000,640,920,1100,1200,1600,1900,2700,3500,60000,60000,60000,2798,0,640.0,970.7272847391135,177.53759999959584,60063.455200000135,7324.060400285918
1715007330,50,,Aggregated,5.300000,0.000000,640,920,1100,1200,1600,1900,2700,3500,60000,60000,60000,2798,0,640.0,970.7272847391135,177.53759999959584,60063.455200000135,7324.060400285918
1715007331,50,,Aggregated,7.600000,0.000000,640,920,1100,1200,1600,1900,2600,3500,60000,60000,60000,2806,0,640.0,968.5841177833357,177.53759999959584,60063.455200000135,7311.715253029223
1715007332,50,,Aggregated,7.300000,0.000000,640,920,1100,1200,1600,1900,2600,3500,60000,60000,60000,2816,0,640.0,965.8559982599578,177.53759999959584,60063.455200000135,7296.353338068182
1715007333,50,,Aggregated,7.300000,0.000000,640,920,1100,1200,1600,1900,2600,3500,60000,60000,60000,2818,0,640.0,965.3209650106601,177.53759999959584,60063.455200000135,7293.314762242725
1715007334,50,,Aggregated,6.200000,0.000000,640,920,1100,1200,1600,1900,2600,3500,60000,60000,60000,2821,0,640.0,964.78089291033,177.53759999959584,60063.455200000135,7288.735200283588
1715007335,50,,Aggregated,6.700000,0.000000,630,910,1100,1200,1600,1900,2600,3500,60000,60000,60000,2835,0,630.0,961.6180675837886,177.53759999959584,60063.455200000135,7267.516754850089
1715007336,50,,Aggregated,6.800000,0.000000,630,910,1100,1200,1600,1900,2600,3500,60000,60000,60000,2848,0,630.0,958.9132909761382,177.53759999959584,60063.455200000135,7247.979283707865
1715007337,50,,Aggregated,7.600000,0.000000,620,910,1100,1200,1600,1900,2600,3500,60000,60000,60000,2872,0,620.0,953.9796660515462,177.53759999959584,60063.455200000135,7212.425835654596
1715007338,50,,Aggregated,7.800000,0.000000,610,900,1100,1200,1500,1900,2600,3500,60000,60000,60000,2889,0,610.0,950.3878263413092,177.53759999959584,60063.455200000135,7187.587400484596
1715007339,50,,Aggregated,8.200000,0.000000,610,900,1100,1200,1500,1900,2600,3400,60000,60000,60000,2904,0,610.0,946.6469547520802,177.53759999959584,60063.455200000135,7165.930096418733
1715007340,50,,Aggregated,8.700000,0.000000,610,900,1100,1200,1500,1900,2600,3400,60000,60000,60000,2908,0,610.0,945.6038652338522,177.53759999959584,60063.455200000135,7160.192916093535
1715007341,50,,Aggregated,10.100000,0.000000,610,900,1100,1200,1500,1900,2600,3400,60000,60000,60000,2911,0,610.0,944.8408332875446,177.53759999959584,60063.455200000135,7155.890759189282
1715007342,50,,Aggregated,10.900000,0.000000,610,900,1100,1200,1500,1900,2600,3400,60000,60000,60000,2917,0,610.0,943.2996464861309,177.53759999959584,60063.455200000135,7147.324648611588
1715007343,50,,Aggregated,10.700000,0.000000,610,890,1100,1200,1500,1900,2600,3400,60000,60000,60000,2923,0,610.0,941.7843029421982,177.53759999959584,60063.455200000135,7138.800547382826
1715007344,50,,Aggregated,10.200000,0.000000,600,890,1100,1200,1500,1900,2600,3400,60000,60000,60000,2928,0,600.0,940.516351878431,177.53759999959584,60063.455200000135,7131.721653005465
1715007345,50,,Aggregated,10.200000,0.000000,600,890,1100,1200,1600,1900,2700,3700,60000,60000,60000,2949,0,600.0,1077.7445714140545,177.53759999959584,60065.522700000656,7102.248219735504
1715007346,50,,Aggregated,10.600000,0.000000,590,880,1100,1200,1600,1900,2800,3900,60000,60000,60000,2977,0,590.0,1131.1488391669623,177.53759999959584,60065.522700000656,7063.589519650655
1715007347,50,,Aggregated,10.800000,0.000000,590,880,1100,1200,1600,1900,2800,4000,60000,60000,60000,3008,0,590.0,1203.1397676529418,177.53759999959584,60065.97580000016,7021.610704787234
1715007348,50,,Aggregated,12.200000,0.000000,580,870,1100,1200,1600,1900,2900,4200,60000,60000,60000,3045,0,580.0,1253.2109788505918,177.53759999959584,60066.31230000039,6972.665353037767
1715007349,50,,Aggregated,12.700000,0.000000,580,870,1100,1200,1600,1900,3200,7700,60000,60000,60000,3071,0,580.0,1344.3627936502935,177.53759999959584,60066.31230000039,6938.948225333767
1715007350,50,,Aggregated,14.600000,0.000000,590,860,1100,1200,1600,2000,3300,60000,60000,60000,60000,3107,0,590.0,1451.0982809140799,177.53759999959584,60066.31230000039,6893.2127454135825
1715007351,50,,Aggregated,15.500000,0.000000,600,870,1100,1200,1600,2000,3300,60000,60000,60000,60000,3142,0,600.0,1481.6130863144645,177.53759999959584,60066.31230000039,6849.762889879058
1715007352,50,,Aggregated,18.500000,0.000000,600,860,1100,1200,1600,1900,3300,60000,60000,60000,60000,3172,0,600.0,1474.092215353104,177.53759999959584,60066.31230000039,6813.260718789407
1715007353,50,,Aggregated,21.000000,0.000000,600,860,1100,1200,1500,1900,3300,60000,60000,60000,60000,3206,0,600.0,1464.4009473487351,177.53759999959584,60066.31230000039,6772.751403618216
1715007354,50,,Aggregated,23.400000,0.000000,590,860,1100,1200,1500,1900,3300,60000,60000,60000,60000,3237,0,590.0,1454.7151490886752,177.53759999959584,60066.31230000039,6736.570281124498
1715007355,50,,Aggregated,26.100000,0.000000,590,850,1000,1200,1500,1900,3300,60000,60000,60000,60000,3265,0,590.0,1444.5883353139477,177.53759999959584,60066.31230000039,6704.466768759571
1715007356,50,,Aggregated,28.700000,0.000000,580,850,1000,1200,1500,1900,3300,60000,60000,60000,60000,3287,0,580.0,1436.873866200195,176.00779999975202,60066.31230000039,6679.603894128384
1715007357,50,,Aggregated,31.200000,0.000000,570,840,1000,1200,1500,1900,3300,60000,60000,60000,60000,3312,0,570.0,1428.1426099335868,176.00779999975202,60066.31230000039,6651.798611111111
1715007358,50,,Aggregated,31.300000,0.000000,570,840,1000,1200,1500,1900,3300,60000,60000,60000,60000,3341,0,570.0,1418.5489564202455,176.00779999975202,60066.31230000039,6620.0
1715007359,50,,Aggregated,30.700000,0.000000,560,830,1000,1200,1500,1900,3300,60000,60000,60000,60000,3375,0,560.0,1408.1324987851974,176.00779999975202,60066.31230000039,6583.4352592592595
1715007360,50,,Aggregated,29.600000,0.000000,550,830,1000,1100,1500,1900,3200,60000,60000,60000,60000,3408,0,550.0,1398.835291079826,176.00779999975202,60066.31230000039,6548.695129107981
1715007361,50,,Aggregated,29.900000,0.000000,550,820,1000,1100,1500,1900,3200,60000,60000,60000,60000,3438,0,550.0,1390.7607764979773,176.00779999975202,60066.31230000039,6517.634380453752
1715007362,50,,Aggregated,29.400000,0.000000,550,820,1000,1100,1500,1900,3200,60000,60000,60000,60000,3471,0,550.0,1382.834649812747,176.00779999975202,60066.31230000039,6484.098530682801
1715007363,50,,Aggregated,30.000000,0.000000,560,810,1000,1100,1500,1900,3200,60000,60000,60000,60000,3503,0,560.0,1376.741081986881,176.00779999975202,60066.31230000039,6452.183842420783
1715007364,50,,Aggregated,30.200000,0.000000,560,820,1000,1100,1500,1900,3200,60000,60000,60000,60000,3530,0,560.0,1373.2598792634678,176.00779999975202,60066.31230000039,6425.710764872521
1715007365,50,,Aggregated,30.200000,0.000000,560,820,1000,1100,1500,1900,3100,60000,60000,60000,60000,3566,0,560.0,1367.390490269221,176.00779999975202,60066.31230000039,6391.083847448122
1715007366,50,,Aggregated,30.000000,0.000000,570,820,1000,1100,1500,1900,3100,60000,60000,60000,60000,3597,0,570.0,1362.561370225199,176.00779999975202,60066.31230000039,6361.7809285515705
1715007367,50,,Aggregated,30.300000,0.000000,570,820,1000,1100,1500,1900,3000,60000,60000,60000,60000,3631,0,570.0,1355.2066099421763,176.00779999975202,60066.31230000039,6330.229137978518
1715007368,50,,Aggregated,30.000000,0.000000,560,820,990,1100,1500,1900,2900,60000,60000,60000,60000,3664,0,560.0,1345.5977885917146,176.00779999975202,60066.31230000039,6300.162936681223
1715007369,50,,Aggregated,31.100000,0.000000,560,810,990,1100,1500,1900,2900,60000,60000,60000,60000,3673,0,560.0,1342.9710317451788,176.00779999975202,60066.31230000039,6292.050639803975
1715007370,50,,Aggregated,32.300000,0.000000,560,810,990,1100,1500,1900,2900,60000,60000,60000,60000,3677,0,560.0,1341.7433241773294,176.00779999975202,60066.31230000039,6288.453086755507
1715007371,50,,Aggregated,31.500000,0.000000,560,810,990,1100,1500,1900,2900,60000,60000,60000,60000,3680,0,560.0,1340.8197191847937,176.00779999975202,60066.31230000039,6285.761684782608
1715007372,50,,Aggregated,28.900000,0.000000,560,810,990,1100,1500,1900,2900,60000,60000,60000,60000,3692,0,560.0,1337.1491552004445,175.43730000033975,60066.31230000039,6275.05173347779
1715007373,50,,Aggregated,25.800000,0.000000,550,810,990,1100,1500,1900,2800,60000,60000,60000,60000,3706,0,550.0,1333.151811548851,175.43730000033975,60066.31230000039,6262.645169994604
1715007374,50,,Aggregated,23.200000,0.000000,550,810,990,1100,1500,1900,2800,60000,60000,60000,60000,3717,0,550.0,1329.905657331192,175.43730000033975,60066.31230000039,6252.965294592414
1715007375,50,,Aggregated,21.300000,0.000000,550,810,990,1100,1500,1800,2800,60000,60000,60000,60000,3729,0,550.0,1326.3170868329419,175.43730000033975,60066.31230000039,6242.465004022526
1715007376,50,,Aggregated,19.800000,0.000000,550,810,990,1100,1500,1900,3100,60000,60000,60000,60000,3745,0,550.0,1369.623768144203,175.43730000033975,60066.31230000039,6228.58958611482
1715007377,50,,Aggregated,17.100000,0.000000,550,810,990,1100,1500,1900,3100,60000,60000,60000,60000,3754,0,550.0,1382.8183071390622,175.43730000033975,60066.31230000039,6220.825519445924
1715007378,50,,Aggregated,17.100000,0.000000,550,810,990,1100,1500,1900,3100,60000,60000,60000,60000,3754,0,550.0,1382.8183071390622,175.43730000033975,60066.31230000039,6220.825519445924
1715007379,50,,Aggregated,14.000000,0.000000,550,810,990,1100,1500,1900,3200,60000,60000,60000,60000,3757,0,550.0,1413.7353894863024,175.43730000033975,60066.31230000039,6218.25179664626
1715007380,50,,Aggregated,10.900000,0.000000,550,810,990,1100,1500,1900,3200,60000,60000,60000,60000,3762,0,550.0,1412.1212894471132,175.43730000033975,60066.31230000039,6213.961988304093
1715007381,50,,Aggregated,8.800000,0.000000,550,810,990,1100,1500,1900,3300,60000,60000,60000,60000,3769,0,550.0,1457.4742283895039,175.43730000033975,60066.31230000039,6207.9808967896
1715007382,50,,Aggregated,8.300000,0.000000,550,810,990,1100,1500,1900,3300,60000,60000,60000,60000,3775,0,550.0,1455.464206119216,175.43730000033975,60066.31230000039,6202.8709933774835
1715007383,50,,Aggregated,8.600000,0.000000,550,810,990,1100,1500,1900,3300,60000,60000,60000,60000,3780,0,550.0,1469.626356031757,175.43730000033975,60066.31230000039,6198.623015873016
1715007384,50,,Aggregated,8.900000,0.000000,540,810,980,1100,1500,1900,3300,60000,60000,60000,60000,3786,0,540.0,1467.6163828050821,175.43730000033975,60066.31230000039,6193.542260961437
1715007385,50,,Aggregated,8.000000,0.000000,540,800,980,1100,1500,1900,3300,60000,60000,60000,60000,3796,0,540.0,1464.3184884615491,175.43730000033975,60066.31230000039,6185.0993150684935
1715007386,50,,Aggregated,7.100000,0.000000,540,800,980,1100,1500,1900,3300,60000,60000,60000,60000,3801,0,540.0,1462.6699762167957,175.43730000033975,60066.31230000039,6180.908182057354
1715007387,50,,Aggregated,7.100000,0.000000,540,800,980,1100,1500,1900,3300,60000,60000,60000,60000,3801,0,540.0,1462.6699762167957,175.43730000033975,60066.31230000039,6180.908182057354
1715007388,50,,Aggregated,6.500000,0.000000,540,800,980,1100,1500,1900,3300,60000,60000,60000,60000,3806,0,540.0,1461.017048660021,175.43730000033975,60066.31230000039,6176.717025748818
1715007389,50,,Aggregated,5.200000,0.000000,540,800,980,1100,1500,1900,3300,60000,60000,60000,60000,3811,0,540.0,1459.3546900813542,175.43730000033975,60066.31230000039,6172.540540540541
1715007390,50,,Aggregated,5.200000,0.000000,540,800,980,1100,1500,1900,3300,60000,60000,60000,60000,3811,0,540.0,1459.3546900813542,175.43730000033975,60066.31230000039,6172.540540540541
1715007391,50,,Aggregated,5.000000,0.000000,540,800,980,1100,1500,1900,3300,60000,60000,60000,60000,3817,0,540.0,1457.4329002881948,175.43730000033975,60066.31230000039,6167.5310453235525
1715007392,50,,Aggregated,5.300000,0.000000,540,800,980,1100,1500,1900,3300,60000,60000,60000,60000,3828,0,540.0,1453.9167698537199,175.43730000033975,60066.31230000039,6158.409352142111
1715007393,50,,Aggregated,4.800000,0.000000,530,800,970,1100,1500,1900,3300,60000,60000,60000,60000,3837,0,530.0,1451.0896887933386,175.43730000033975,60066.31230000039,6150.985665884806
1715007394,50,,Aggregated,4.800000,0.000000,530,800,970,1100,1500,1900,3300,60000,60000,60000,60000,3841,0,530.0,1449.7887940119867,175.43730000033975,60066.31230000039,6147.69903670919
1715007395,50,,Aggregated,4.800000,0.000000,530,800,970,1100,1500,1900,3300,60000,60000,60000,60000,3841,0,530.0,1449.7887940119867,175.43730000033975,60066.31230000039,6147.69903670919
1715007396,50,,Aggregated,5.600000,0.000000,530,800,970,1100,1500,1900,3300,60000,60000,60000,60000,3844,0,530.0,1448.81138496359,175.43730000033975,60066.31230000039,6145.231269510926
1715007397,50,,Aggregated,5.300000,0.000000,530,800,970,1100,1500,1900,3300,60000,60000,60000,60000,3846,0,530.0,1448.1606123765052,175.43730000033975,60066.31230000039,6143.594643785751
1715007398,50,,Aggregated,5.300000,0.000000,530,800,970,1100,1500,1900,3300,60000,60000,60000,60000,3846,0,530.0,1448.1606123765052,175.43730000033975,60066.31230000039,6143.594643785751
1715007400,50,,Aggregated,5.300000,0.000000,530,800,970,1100,1500,1900,3300,60000,60000,60000,60000,3846,0,530.0,1448.1606123765052,175.43730000033975,60066.31230000039,6143.594643785751
1715007401,50,,Aggregated,5.300000,0.000000,530,800,970,1100,1500,1900,3300,60000,60000,60000,60000,3846,0,530.0,1448.1606123765052,175.43730000033975,60066.31230000039,6143.594643785751
1715007402,50,,Aggregated,5.300000,0.000000,530,800,970,1100,1500,1900,3300,60000,60000,60000,60000,3846,0,530.0,1448.1606123765052,175.43730000033975,60066.31230000039,6143.594643785751
1715007403,50,,Aggregated,3.500000,0.000000,530,800,970,1100,1500,1900,3300,60000,60000,60000,60000,3848,0,530.0,1447.5201482328584,175.43730000033975,60066.31230000039,6141.955041580041
1715007404,50,,Aggregated,3.500000,0.000000,530,800,970,1100,1500,1900,3300,60000,60000,60000,60000,3857,0,530.0,1444.6014896551833,175.43730000033975,60066.31230000039,6134.597355457609
1715007405,50,,Aggregated,2.700000,0.000000,530,790,970,1100,1500,1900,3300,60000,60000,60000,60000,3865,0,530.0,1442.0200891591317,175.43730000033975,60066.31230000039,6128.097283311772
1715007406,50,,Aggregated,1.900000,0.000000,530,790,970,1100,1500,1900,3300,60000,60000,60000,60000,3867,0,530.0,1441.371560693055,175.43730000033975,60066.31230000039,6126.47737264029
1715007407,50,,Aggregated,1.900000,0.000000,530,790,970,1100,1500,1900,3300,60000,60000,60000,60000,3867,0,530.0,1441.371560693055,175.43730000033975,60066.31230000039,6126.47737264029
1715007408,50,,Aggregated,1.900000,0.000000,530,790,970,1100,1500,1900,3300,60000,60000,60000,60000,3867,0,530.0,1441.371560693055,175.43730000033975,60066.31230000039,6126.47737264029
1715007409,50,,Aggregated,1.900000,0.000000,530,790,970,1100,1500,1900,3300,60000,60000,60000,60000,3867,0,530.0,1441.371560693055,175.43730000033975,60066.31230000039,6126.47737264029
1715007410,50,,Aggregated,1.900000,0.000000,530,790,970,1100,1500,1900,3300,60000,60000,60000,60000,3867,0,530.0,1441.371560693055,175.43730000033975,60066.31230000039,6126.47737264029
1715007411,50,,Aggregated,1.900000,0.000000,530,790,970,1100,1500,1900,3300,60000,60000,60000,60000,3867,0,530.0,1441.371560693055,175.43730000033975,60066.31230000039,6126.47737264029
1715007412,50,,Aggregated,2.100000,0.000000,530,790,970,1100,1500,1900,3300,60000,60000,60000,60000,3869,0,530.0,1440.7315110106083,175.43730000033975,60066.31230000039,6124.855518221762
1715007413,50,,Aggregated,2.100000,0.000000,530,790,970,1100,1500,1900,3300,60000,60000,60000,60000,3874,0,530.0,1439.1252743675896,175.43730000033975,60066.31230000039,6120.811822405783
1715007414,50,,Aggregated,2.300000,0.000000,530,790,970,1100,1500,1900,3300,60000,60000,60000,60000,3880,0,520.0,1437.21182652063,175.43730000033975,60066.31230000039,6115.970360824742
1715007415,50,,Aggregated,2.600000,0.000000,520,790,970,1100,1500,1900,3300,60000,60000,60000,60000,3885,0,520.0,1435.6176345946058,175.43730000033975,60066.31230000039,6111.952638352638
1715007416,50,,Aggregated,2.600000,0.000000,520,790,970,1100,1500,1900,3300,60000,60000,60000,60000,3887,0,520.0,1434.9832304090671,175.43730000033975,60066.31230000039,6110.349369693851
1715007417,50,,Aggregated,1.900000,0.000000,520,790,970,1100,1500,1900,3300,60000,60000,60000,60000,3894,0,520.0,1449.4452619157796,175.43730000033975,60066.31230000039,6104.747560349255
1715007418,50,,Aggregated,2.000000,0.000000,520,790,970,1100,1500,1900,3300,60000,60000,60000,60000,3899,0,520.0,1447.837375942561,175.43730000033975,60066.31230000039,6100.747884072839
1715007419,50,,Aggregated,2.000000,0.000000,520,790,970,1100,1500,1900,3300,60000,60000,60000,60000,3900,0,520.0,1447.5169354102682,175.43730000033975,60066.31230000039,6099.956666666667
1715007420,50,,Aggregated,2.000000,0.000000,520,790,970,1100,1500,1900,3300,60000,60000,60000,60000,3900,0,520.0,1447.5169354102682,175.43730000033975,60066.31230000039,6099.956666666667
1715007421,50,,Aggregated,2.000000,0.000000,520,790,970,1100,1500,1900,3300,60000,60000,60000,60000,3900,0,520.0,1447.5169354102682,175.43730000033975,60066.31230000039,6099.956666666667
1715007422,50,,Aggregated,3.300000,0.000000,520,790,970,1100,1500,1900,3300,60000,60000,60000,60000,3905,0,520.0,1445.9207214852872,175.43730000033975,60066.31230000039,6095.975416133163
1715007423,50,,Aggregated,3.300000,0.000000,520,790,960,1100,1500,1900,3300,60000,60000,60000,60000,3910,0,520.0,1444.3287510997561,175.43730000033975,60066.31230000039,6092.007928388747
1715007424,50,,Aggregated,3.400000,0.000000,520,790,960,1100,1500,1900,3300,60000,60000,60000,60000,3914,0,520.0,1443.0541966019534,175.43730000033975,60066.31230000039,6088.841849770056
1715007425,50,,Aggregated,3.400000,0.000000,520,790,960,1100,1500,1900,3300,60000,60000,60000,60000,3920,0,520.0,1441.1425717091952,175.43730000033975,60066.31230000039,6084.091581632653
1715007426,50,,Aggregated,3.300000,0.000000,520,790,960,1100,1500,1900,3300,60000,60000,60000,60000,3927,0,520.0,1454.16246559716,175.43730000033975,60066.31230000039,6078.590781767252
1715007427,50,,Aggregated,3.300000,0.000000,520,790,970,1100,1500,1900,3500,60000,60000,60000,60000,3950,0,520.0,1613.6842138987467,175.43730000033975,60066.31230000039,6060.595189873417
1715007428,50,,Aggregated,3.700000,0.000000,520,790,960,1100,1500,1900,3700,60000,60000,60000,60000,3980,0,520.0,1643.228889824134,175.43730000033975,60066.31230000039,6037.483165829146
1715007429,50,,Aggregated,5.000000,0.000000,510,780,960,1100,1500,1900,3900,60000,60000,60000,60000,4006,0,510.0,1694.1957296555304,175.43730000033975,60066.31230000039,6017.746130803795
1715007430,50,,Aggregated,7.100000,0.000000,510,780,960,1100,1500,1900,4200,60000,60000,60000,60000,4026,0,510.0,1769.4205340536655,175.43730000033975,60066.31230000039,6002.732985593641
1715007431,50,,Aggregated,9.800000,0.000000,510,780,960,1100,1500,1900,4000,60000,60000,60000,60000,4054,0,510.0,1759.0257434879272,174.80030000024271,60066.31230000039,5981.930685742476
1715007432,50,,Aggregated,11.800000,0.000000,500,770,960,1100,1500,1900,4000,60000,60000,60000,60000,4077,0,500.0,1750.4995658327346,174.80030000024271,60066.31230000039,5965.069413784646
1715007433,50,,Aggregated,14.600000,0.000000,500,770,960,1100,1500,1900,4300,60000,60000,60000,60000,4094,0,500.0,1773.3609402540446,174.80030000024271,60066.31230000039,5952.737420615535
1715007434,50,,Aggregated,16.600000,0.000000,500,770,960,1100,1500,1900,4800,60000,60000,60000,60000,4110,0,500.0,1825.5448560584084,174.80030000024271,60068.227199999455,5941.2036496350365
1715007435,50,,Aggregated,17.900000,0.000000,490,770,950,1100,1500,1900,33000,60000,60000,60000,60000,4140,0,490.0,1871.8152295410778,174.80030000024271,60068.227199999455,5919.821497584541
1715007436,50,,Aggregated,19.100000,0.000000,490,770,940,1100,1500,1900,33000,60000,60000,60000,60000,4169,0,490.0,1883.0324616934668,174.80030000024271,60068.227199999455,5899.456944111298
1715007437,50,,Aggregated,21.000000,0.000000,490,760,940,1100,1500,2000,60000,60000,60000,60000,60000,4198,0,490.0,1930.7705123392248,174.80030000024271,60068.227199999455,5879.368985231063
1715007438,50,,Aggregated,23.400000,0.000000,500,770,950,1100,1500,2000,60000,60000,60000,60000,60000,4228,0,500.0,1937.5991181646327,174.80030000024271,60068.227199999455,5858.865421002838
1715007439,50,,Aggregated,24.400000,0.000000,500,770,960,1100,1500,2000,60000,60000,60000,60000,60000,4261,0,500.0,1957.04413625911,174.80030000024271,60068.227199999455,5836.661816475006
1715007440,50,,Aggregated,24.700000,0.000000,510,780,960,1100,1500,1900,60000,60000,60000,60000,60000,4289,0,510.0,1950.2809044299524,174.80030000024271,60068.227199999455,5818.083469340172
1715007441,50,,Aggregated,25.400000,0.000000,510,790,960,1100,1500,1900,60000,60000,60000,60000,60000,4324,0,510.0,1956.4807275208282,174.80030000024271,60068.227199999455,5795.221322849214
1715007442,50,,Aggregated,26.500000,0.000000,520,790,970,1100,1500,1900,60000,60000,60000,60000,60000,4358,0,520.0,1950.0553974759214,174.80030000024271,60068.227199999455,5773.342129417164
1715007443,50,,Aggregated,26.500000,0.000000,520,800,980,1100,1500,1900,60000,60000,60000,60000,60000,4388,0,520.0,1957.3753023929046,174.80030000024271,60068.227199999455,5754.304238833181
1715007444,50,,Aggregated,27.000000,0.000000,530,800,990,1100,1500,1900,60000,60000,60000,60000,60000,4422,0,530.0,1950.7941716870328,174.80030000024271,60068.227199999455,5733.089326096789
1715007445,50,,Aggregated,28.500000,0.000000,530,810,990,1100,1500,1900,60000,60000,60000,60000,60000,4446,0,530.0,1946.7228360548947,174.80030000024271,60068.227199999455,5718.28587494377
1715007446,50,,Aggregated,30.400000,0.000000,540,810,1000,1100,1500,1900,60000,60000,60000,60000,60000,4478,0,540.0,1940.648159647179,174.80030000024271,60068.227199999455,5698.802813756141
1715007447,50,,Aggregated,30.900000,0.000000,550,810,1000,1100,1500,1900,60000,60000,60000,60000,60000,4507,0,550.0,1935.007045573568,174.80030000024271,60068.227199999455,5681.38717550477
1715007448,50,,Aggregated,30.900000,0.000000,550,820,1000,1100,1500,1900,60000,60000,60000,60000,60000,4541,0,550.0,1927.2846543052342,174.80030000024271,60068.227199999455,5661.262717463113
1715007449,50,,Aggregated,30.900000,0.000000,550,820,1000,1100,1500,1900,33000,60000,60000,60000,60000,4574,0,550.0,1919.701571381738,174.80030000024271,60068.227199999455,5642.012461740271
1715007450,50,,Aggregated,31.600000,0.000000,560,820,1000,1100,1500,1900,33000,60000,60000,60000,60000,4607,0,560.0,1911.760818471906,174.80030000024271,60068.227199999455,5623.0184501845015
1715007451,50,,Aggregated,31.000000,0.000000,560,820,1000,1100,1500,1900,33000,60000,60000,60000,60000,4645,0,560.0,1902.0930015500687,174.80030000024271,60068.227199999455,5601.518622174381
1715007452,50,,Aggregated,31.100000,0.000000,560,820,1000,1100,1500,1900,33000,60000,60000,60000,60000,4673,0,560.0,1894.5064906484206,174.80030000024271,60068.227199999455,5585.87288679649
1715007453,50,,Aggregated,31.700000,0.000000,560,820,1000,1100,1500,1900,32000,60000,60000,60000,60000,4706,0,560.0,1886.3129183595554,174.80030000024271,60068.227199999455,5567.682320441989
1715007454,50,,Aggregated,32.100000,0.000000,570,820,990,1100,1500,1900,32000,60000,60000,60000,60000,4741,0,570.0,1877.8846869015117,174.80030000024271,60068.227199999455,5548.671588272517
1715007455,50,,Aggregated,32.000000,0.000000,570,820,990,1100,1500,1900,32000,60000,60000,60000,60000,4771,0,570.0,1870.8620234542177,174.80030000024271,60068.227199999455,5532.601131838189
1715007456,50,,Aggregated,31.700000,0.000000,580,820,990,1100,1400,1900,32000,60000,60000,60000,60000,4800,0,580.0,1864.3856817083476,174.80030000024271,60068.227199999455,5517.247708333333
1715007457,50,,Aggregated,31.600000,0.000000,580,820,990,1100,1400,1900,7700,60000,60000,60000,60000,4834,0,580.0,1856.5463816301349,174.80030000024271,60068.227199999455,5499.47227968556
1715007458,50,,Aggregated,31.300000,0.000000,580,820,990,1100,1400,1900,4800,60000,60000,60000,60000,4864,0,580.0,1849.539498005771,174.80030000024271,60068.227199999455,5484.040501644737
1715007459,50,,Aggregated,31.600000,0.000000,580,820,990,1100,1400,1900,4800,60000,60000,60000,60000,4896,0,580.0,1841.4957987745242,174.80030000024271,60068.227199999455,5467.729779411765
1715007460,50,,Aggregated,31.400000,0.000000,580,820,980,1100,1400,1800,4500,60000,60000,60000,60000,4926,0,580.0,1834.719952963879,174.80030000024271,60068.227199999455,5452.642915144133
1715007461,50,,Aggregated,31.900000,0.000000,590,820,980,1100,1400,1800,4400,60000,60000,60000,60000,4960,0,590.0,1827.6055116532393,174.80030000024271,60068.227199999455,5435.784475806452
1715007462,50,,Aggregated,31.600000,0.000000,590,820,980,1100,1400,1800,4400,60000,60000,60000,60000,4993,0,590.0,1821.1315260765205,174.80030000024271,60068.227199999455,5419.628680152213
1715007463,50,,Aggregated,31.900000,0.000000,590,820,980,1100,1400,1800,4300,60000,60000,60000,60000,5026,0,590.0,1814.1349067250433,174.80030000024271,60068.227199999455,5403.6925984878635
1715007464,50,,Aggregated,31.500000,0.000000,600,820,980,1100,1400,1800,4200,60000,60000,60000,60000,5054,0,600.0,1809.0155244954615,174.80030000024271,60068.227199999455,5390.32429758607
1715007465,50,,Aggregated,31.700000,0.000000,600,830,980,1100,1400,1800,4200,60000,60000,60000,60000,5086,0,600.0,1802.8258835037489,174.80030000024271,60068.227199999455,5375.23535194652
1715007466,50,,Aggregated,31.000000,0.000000,600,830,990,1100,1400,1800,4000,60000,60000,60000,60000,5119,0,600.0,1797.1619009181616,174.80030000024271,60068.227199999455,5359.861301035358
1715007467,50,,Aggregated,31.500000,0.000000,600,830,990,1100,1400,1800,4000,60000,60000,60000,60000,5148,0,600.0,1792.7305920940314,174.80030000024271,60068.227199999455,5346.535547785547
1715007468,50,,Aggregated,31.900000,0.000000,610,840,990,1100,1400,1800,4000,60000,60000,60000,60000,5180,0,610.0,1787.4951296525242,174.80030000024271,60068.227199999455,5331.97277992278
1715007469,50,,Aggregated,31.500000,0.000000,610,840,990,1100,1400,1800,4000,60000,60000,60000,60000,5217,0,610.0,1780.2435910101754,174.80030000024271,60068.227199999455,5315.394671267011
1715007470,50,,Aggregated,31.100000,0.000000,610,830,990,1100,1400,1800,4000,60000,60000,60000,60000,5247,0,610.0,1773.3599531160821,174.80030000024271,60068.227199999455,5302.11015818563
1715007471,50,,Aggregated,31.500000,0.000000,610,830,980,1100,1400,1800,3900,60000,60000,60000,60000,5284,0,610.0,1765.3636023277963,174.80030000024271,60068.227199999455,5285.9301665405
1715007472,50,,Aggregated,31.700000,0.000000,610,830,980,1100,1400,1800,3900,60000,60000,60000,60000,5314,0,610.0,1759.0832895182684,174.80030000024271,60068.227199999455,5272.971960858111
1715007473,50,,Aggregated,31.400000,0.000000,610,830,980,1100,1400,1800,3900,60000,60000,60000,60000,5351,0,610.0,1751.8158214539487,174.80030000024271,60068.227199999455,5257.221827695757
1715007474,50,,Aggregated,31.900000,0.000000,610,830,980,1100,1400,1800,3900,60000,60000,60000,60000,5377,0,610.0,1746.8385743351464,174.80030000024271,60068.227199999455,5246.245118095592
1715007475,50,,Aggregated,31.800000,0.000000,610,830,970,1100,1400,1800,3700,60000,60000,60000,60000,5408,0,610.0,1739.5774707840383,174.80030000024271,60068.227199999455,5233.350406804734
1715007476,50,,Aggregated,31.800000,0.000000,610,820,970,1100,1400,1800,3900,60000,60000,60000,60000,5432,0,610.0,1735.9409313328576,174.80030000024271,60068.227199999455,5223.437223858616
1715007477,50,,Aggregated,31.800000,0.000000,610,820,970,1100,1400,1800,3900,60000,60000,60000,60000,5447,0,610.0,1731.8880203782048,174.80030000024271,60068.227199999455,5217.29392326051
1715007478,50,,Aggregated,31.900000,0.000000,610,820,970,1100,1400,1800,3900,60000,60000,60000,60000,5463,0,610.0,1727.551256708783,174.80030000024271,60068.227199999455,5210.769540545488
1715007479,50,,Aggregated,31.000000,0.000000,610,820,970,1100,1400,1800,3900,60000,60000,60000,60000,5478,0,610.0,1723.5551156079007,174.80030000024271,60068.227199999455,5204.7004381161005
1715007480,50,,Aggregated,29.400000,0.000000,600,820,970,1100,1400,1800,3900,60000,60000,60000,60000,5492,0,600.0,1719.9670512745956,174.80030000024271,60068.227199999455,5199.05298616169
1715007481,50,,Aggregated,27.200000,0.000000,600,820,970,1100,1400,1800,3900,60000,60000,60000,60000,5498,0,600.0,1718.3486253183123,174.80030000024271,60068.227199999455,5196.647326300473
1715007482,50,,Aggregated,25.100000,0.000000,600,820,970,1100,1400,1800,3700,60000,60000,60000,60000,5521,0,600.0,1712.1424832276912,174.80030000024271,60068.227199999455,5187.460604962869
1715007483,50,,Aggregated,23.400000,0.000000,600,820,960,1100,1400,1800,3700,60000,60000,60000,60000,5547,0,600.0,1705.5154199747758,174.80030000024271,60068.227199999455,5177.147647376961
1715007484,50,,Aggregated,20.900000,0.000000,600,810,960,1100,1400,1800,3700,60000,60000,60000,60000,5568,0,590.0,1700.079506232054,174.80030000024271,60068.227199999455,5168.917923850575
1715007485,50,,Aggregated,19.900000,0.000000,590,810,960,1100,1400,1800,3900,60000,60000,60000,60000,5591,0,590.0,1705.4871777320823,174.80030000024271,60068.227199999455,5159.962081917367
1715007486,50,,Aggregated,20.200000,0.000000,590,810,960,1100,1400,1800,3900,60000,60000,60000,60000,5606,0,590.0,1701.6323527649076,174.80030000024271,60068.227199999455,5154.160007135212
1715007487,50,,Aggregated,18.400000,0.000000,590,810,960,1100,1400,1800,3900,60000,60000,60000,60000,5613,0,590.0,1699.7943647069428,174.80030000024271,60068.227199999455,5151.472296454659
1715007488,50,,Aggregated,17.700000,0.000000,590,810,960,1100,1400,1800,4000,60000,60000,60000,60000,5632,0,590.0,1699.9048242897852,174.80030000024271,60068.227199999455,5144.183061079545
1715007489,50,,Aggregated,17.200000,0.000000,590,810,960,1100,1400,1800,4200,60000,60000,60000,60000,5653,0,590.0,1697.0398046170296,174.80030000024271,60068.227199999455,5136.1860958782945
1715007490,50,,Aggregated,16.300000,0.000000,590,810,960,1100,1400,1800,4500,60000,60000,60000,60000,5675,0,590.0,1695.166197779748,174.80030000024271,60068.227199999455,5127.871013215859
1715007491,50,,Aggregated,16.800000,0.000000,580,810,960,1100,1400,1800,7400,60000,60000,60000,60000,5699,0,580.0,1694.0670469205236,174.80030000024271,60068.227199999455,5118.874188454115
1715007492,50,,Aggregated,17.800000,0.000000,580,810,960,1100,1400,1800,7400,60000,60000,60000,60000,5715,0,580.0,1691.2850703237216,174.80030000024271,60068.227199999455,5112.918635170604
1715007493,50,,Aggregated,18.300000,0.000000,580,810,960,1100,1400,1800,7400,60000,60000,60000,60000,5726,0,580.0,1688.4110441669695,174.80030000024271,60068.227199999455,5108.841599720573
1715007494,50,,Aggregated,20.100000,0.000000,580,810,960,1100,1400,1800,7400,60000,60000,60000,60000,5733,0,580.0,1686.6254195534743,174.80030000024271,60068.227199999455,5106.257107971393
1715007495,50,,Aggregated,19.100000,0.000000,580,810,950,1100,1400,1800,7400,60000,60000,60000,60000,5746,0,580.0,1683.3487507135515,174.80030000024271,60068.227199999455,5101.473198746954
1715007496,50,,Aggregated,17.300000,0.000000,570,800,950,1100,1400,1800,7400,60000,60000,60000,60000,5769,0,570.0,1680.248739920274,174.80030000024271,60068.227199999455,5093.059109031028
